timestamp_utc,puuid,tier,old_lp,new_lp,lp_delta
2026-06-25T20:55:37,DHQM14Xm0V82-0Ow5jz20TZaYsl56Iufv8fQnidjZ6uPM1C7kA8ihQbVEQ3ET0soPnCCUjS-VVoaCQ,challenger,1421,1391,-30
2026-06-25T20:55:37,Z-DkHr9B77wHV6D_6Enq8GBNIjWlb6Vw5XRLgJB1vHbP_US3GBxugCB3YwpufB1_GiEaYxsrZzU3NA,challenger,1267,1237,-30
2026-06-25T20:55:37,buAhV94FKycs87RyTKRLyESpiuyf8uKKBLxBhsyTmYGLU8Wf7X6grXfpLHs6Gevc9pA1sLdepy0e6Q,challenger,995,1024,29
2026-06-25T20:55:37,ZFvvu6vQM3cJIdNZCHfnRCjJmvQTFfp6tW8bAg6LX3kY3O4umJDMF92_bJW1Yl8_kJpmcSRiXQPNLQ,master,419,391,-28
2026-06-25T20:55:37,-4HxNo4kTynRsDLZV_KqfHdjlmSE_itfK0S3zC5MwXqflVbL6ETWtJCyX8Jx4MT8Th5xHvJC4DDEVA,master,275,310,35
2026-06-25T20:55:37,CtCeQSgVg5gmbEs9bVTRPpdSK3-JE7DF7E6jwWSbWkG2waDMVVXnuGh9vpWMJ6hkB9ZdgBg_Lb04MQ,master,330,305,-25
2026-06-25T20:55:37,PqUktomoG3kcs9qTsKVa54zen1BEWIEYPCHURl6CQ8RWavE0tnrZeeqpLDXZG1Az3ws79wE1NSnhEg,master,210,241,31
2026-06-25T20:55:37,6S6MWzAZeARlb3bvvVAD_THXUqDn84O6zzGbhxlM-ypahgeWVGw8fgS-NcsxW__R1iJAWn8JG0TLtQ,master,251,220,-31
2026-06-25T20:55:37,wFRV5lHnH5Qrv4-cG8stsFFU_hOSlDmbk6SYJQHsO57RHs0GMTBrR3ZPBds39Ejc9zSmEuQfFCUyXg,master,224,198,-26
2026-06-25T20:55:37,v8ZMDslHFr7Le2kZKaadMyMHX45-cr1a1GzfAgJNLSvmdxIV3Zn6wto30s3bL0WI_ryjH2VdRbrfOg,master,97,131,34
2026-06-25T20:55:37,3P_j96-3x-zmlw6OI1o4MyXMLvq1W5vvakxbM8lKf-GaN4bL49TkFeDHE6Z7yl3ohxYMDxbB2lRdnA,master,159,129,-30
2026-06-25T20:55:37,J7jGFQVXepKNTU7hpCU5VGj2Q90pl0x4FX58YjqQP3yQF5cB0mDMNRucYwlTkkp4W-IEMqaAAvlF8Q,master,143,111,-32
2026-06-25T20:55:37,Fa44HwhfQTIIdCRgggrsInxv0iN30N7-mk1Uay779tkgPtEtPDNJaw5RKRwJkhn-X29JiAeuj2oiag,master,63,93,30
2026-06-25T20:55:37,I3z76FGrYHr6yHvrvOauY_JeyJwSVCa6Qgt3MmAeI0D1fwYO0UPJv9yE7CNh1pqRkXDug960cL9_kA,master,25,60,35
2026-06-25T20:55:37,T4VPDahxC1j72L6vN-CAIsMXloBp59_Wum3nOCFc5aOaBNvJ6eoVp1ADC2t13VQ8c2_N7Sub6ffTcg,master,85,58,-27
2026-06-25T20:55:37,h83WbdLpbLOAA9rYhr1ojTpqW2CQOfTXhS8AAvvPeSZGG1xNYbzUjf_Uxobwk8m41p75NSXaqRe41w,master,13,48,35
2026-06-25T20:55:37,D1CrwO2izde6KztT-8QrWjG_bUZcRDZ3SsrkT9Su3BJHIApac6T6EDqH-8LtwdqR65nVwFj1aklaXw,master,7,37,30
2026-06-25T20:55:37,crlp0NT5FsNkpGR6y0ChquZKirph7gMTVvjB_XiQ9ejazEDra3WTCOZu2geSFTPlCn2xLFneGZP4bA,master,0,35,35
2026-06-25T20:55:37,f4BoTd1_w-syLEFST5edU06Zu-tsj4yEN0V2rXt3TEpKVKcUuL5RrfI42hEDeSLPPHRFlFyavduc1Q,master,63,32,-31
2026-06-25T20:55:37,mAmNuoPcKrcAi4G_5qSl4qD8qs61CmByuj3mDEqPhC5mHlOAC3y4o_Mesyg1ZfQoNhLZA_wyioF5CA,master,37,8,-29
2026-06-25T20:55:37,2C3SLw7Q6R0HOayVzpG68h01yjNuZ8QSy2GxRedN94Jvpy7L8ubKBsV_TJoq0cLU5oM7Io_2jUTU0Q,master,2,0,-2
2026-06-25T20:55:37,lTHz_Zs_dpMyA9Fh7yCIDGth3QZyU1XUnGTEVcll9IyaHEiWX2Ag3nR64BJB_c5d7XVaHaG4tqsXvQ,master,30,0,-30
2026-06-25T21:00:45,DHQM14Xm0V82-0Ow5jz20TZaYsl56Iufv8fQnidjZ6uPM1C7kA8ihQbVEQ3ET0soPnCCUjS-VVoaCQ,challenger,1391,1421,30
2026-06-25T21:00:45,Z-DkHr9B77wHV6D_6Enq8GBNIjWlb6Vw5XRLgJB1vHbP_US3GBxugCB3YwpufB1_GiEaYxsrZzU3NA,challenger,1237,1267,30
2026-06-25T21:00:45,buAhV94FKycs87RyTKRLyESpiuyf8uKKBLxBhsyTmYGLU8Wf7X6grXfpLHs6Gevc9pA1sLdepy0e6Q,challenger,1024,995,-29
2026-06-25T21:00:45,Fa44HwhfQTIIdCRgggrsInxv0iN30N7-mk1Uay779tkgPtEtPDNJaw5RKRwJkhn-X29JiAeuj2oiag,master,93,63,-30
2026-06-25T21:00:45,D1CrwO2izde6KztT-8QrWjG_bUZcRDZ3SsrkT9Su3BJHIApac6T6EDqH-8LtwdqR65nVwFj1aklaXw,master,37,7,-30
2026-06-25T21:00:45,2C3SLw7Q6R0HOayVzpG68h01yjNuZ8QSy2GxRedN94Jvpy7L8ubKBsV_TJoq0cLU5oM7Io_2jUTU0Q,master,0,2,2
2026-06-25T21:05:32,wo6Tr5gUKkqQ07ne2PawHlAaae73k5rx7GQ4RyGCvcW4Y-srSPNpr2xLwoM1LgI7ws-LmujWTuuA8g,gm,931,900,-31
2026-06-25T21:05:32,s6T70ZOQZITcDbvUXyZI-N7guVo_ymhiuPNIbCfBIWQJsyQUlmOJdAeYl7-3p2Dh-hLFAgnZ2IvR5A,gm,833,866,33
2026-06-25T21:05:32,Kr-YNibfLCLbLGUSyVOHnK94WBiLQ5xBQ5fnDjbT3nFfMoaLzTr7nnE8b6RL5Jk7MGD0nUz9H1e35w,gm,669,701,32
2026-06-25T21:05:32,LsL5rgd3simlXlmtpDY0XSV_pvxBrp6Z6DXwgRg3ppiA67hF3SBVdEkQlPcPFwnwPU8WuwGXJCMsNw,gm,609,641,32
2026-06-25T21:05:32,oY0O3Mp7qRmrqedrmorxsPruK5klJbwOHbsZ_bP7kLE6XTeDg6XARxVhd5Kcfoks36vileQ7wKGSlA,gm,664,634,-30
2026-06-25T21:05:32,ruUkphhTp_qC4QyjzF86znW-2y9ooSofwImGd6hr7Gp58IxuhO2HzVVakfBZz8ouQn1zaGh_of12hg,gm,571,542,-29
2026-06-25T21:05:32,FyGeeXMN2hTv0OhyJ9nNF3k3lcq7HzoR9CTsfWRBgsl5fp3e658JvKs-houoB4dbath0MDqA0pDAMA,gm,488,459,-29
2026-06-25T21:05:32,7tvsQfSywLbUGacZ1_Y98wqJxfYBKCrbvtJMrvnioyIIReIJl1goDTecjOFCDJEVxat2iRy8zH8-Qg,gm,340,373,33
2026-06-25T21:05:32,xELJlBhZ1Ov-Hb6K_-b49sdz_SNrJXmfo2Bb-COSyleqsY3zzky6KJXMwm-7nIdave3ekFZk8qLfOQ,gm,329,301,-28
2026-06-25T21:05:32,6GMrgwiGS59r_V_J-LUrdjirRm7ab-1pbkV0xaygAq-cZa6HzgvvEDXdjD256Szi-keASS5i_OT4Kw,master,168,199,31
2026-06-25T21:05:32,_5uIUwqlmaFYf1z7rzudFj9Kepq-ogS7Wy8foaqUTmnKTgjJVk_qczt5tgA1AhX58C0iBCpzyOBsAA,master,209,177,-32
2026-06-25T21:05:32,3Drj50RXXCBoH9YtD9J7O6bwGd9WH3WO44Ms2AiCZn_TFlvVuZfi1smERpPFjtRzReiCwj6ihcO-yw,master,201,172,-29
2026-06-25T21:05:32,HTCpW6WNHO9uvCMdKoW0P2mC_87tFSwHzVe0KiHgcD45c-zBsObzqqZmvXHgiJNEkvYUYaGfRd-g5Q,master,181,152,-29
2026-06-25T21:05:32,VrJnGTPvGgl88Y9KWP2aTxo-hTopPHDmPKozudLlp-aWAJipi6Fkd0cP9b6JGqt0Ezg-QYZql1f8MQ,master,87,117,30
2026-06-25T21:05:32,Fa44HwhfQTIIdCRgggrsInxv0iN30N7-mk1Uay779tkgPtEtPDNJaw5RKRwJkhn-X29JiAeuj2oiag,master,63,93,30
2026-06-25T21:05:32,dOEdgbEToMfXybt1Y6Ux3RgdgXMTzBK5QfWuaer-SaVv9nQtWoA3U_CVNR8-Zx33TSi_zOOcV4KJ_A,master,29,58,29
2026-06-25T21:05:32,PFh6lODIJXEkPlp5kI3t86KT2GdnmsduV_P0klWzowwOzHkO0vd4V17j7mru9O63lzGtKx4tYRD9Dw,master,86,55,-31
2026-06-25T21:05:32,wEW0MbTenZVEA6DeBu7wS7rQskTa5YpfeHrzpBH65WrSmESmVcdT_oOGfgpF9Io_uWEKBnxotw-auA,master,72,46,-26
2026-06-25T21:05:32,lbq3Jc3ayyV3-w-nvNNjXEPWooP_my9T1ccwGL_cTN6tFLzQRRhQdq2hLKBB5mX-iOxfeS0MtidS7A,master,70,40,-30
2026-06-25T21:05:32,D1CrwO2izde6KztT-8QrWjG_bUZcRDZ3SsrkT9Su3BJHIApac6T6EDqH-8LtwdqR65nVwFj1aklaXw,master,7,37,30
2026-06-25T21:05:32,XwhR7dXAkhC31-2mWQWHDPZyk_LYjarEyLoSvVTQm5_3lBIS4c8ENOnG6-KX-i4LMdCrHOCOsypXNw,master,0,29,29
2026-06-25T21:05:32,2C3SLw7Q6R0HOayVzpG68h01yjNuZ8QSy2GxRedN94Jvpy7L8ubKBsV_TJoq0cLU5oM7Io_2jUTU0Q,master,2,0,-2
2026-06-25T21:10:37,h-EBHSsGvsmSLTPlngqpfJQHv-HFKhrVoSPvJgdPKb_v6umzOu9SUcwyNSDUjZwgDzYZh90FDCItvQ,challenger,1033,1065,32
2026-06-25T21:15:35,lGA5PeF2QhW_9XTzDZ8BTvV2sKpCQAou-8Gtyp52Bdz6fm1FWjQClSGzCwRzc0nMih-xcihGrO44AA,challenger,1668,1698,30
2026-06-25T21:15:35,y48TSJND73TGc98bR8z8hNSpd-GJM2MPcr3_t3uSGZie2rletVkd1GOmMuE5yH1HKwkhPpoyLJTYEw,challenger,1365,1334,-31
2026-06-25T21:15:35,xXrsKQoz7JX2tDuXUtNV4O7cUTDm-MU20oStKan-6f0UKR0q4-pxog3Zps2BMeIjAUP-X5W3oekh5g,challenger,1219,1249,30
2026-06-25T21:15:35,_2bEN9URXOGkTTDV7SvI6r9FFXzE5IzwalQylhjfPUPVWdll-nMdjWaTOMqgOrjgOUtSf-LCu25nPg,challenger,970,1000,30
2026-06-25T21:15:35,crXiU3LTS_NitGF6HQsNTeoi37UaN66Rq42YeQnQP7Sj9CDoW6oJ1yUHNYEMLtYNEoLTdX-po0evbw,challenger,891,921,30
2026-06-25T21:15:35,Dcm-EX9pbIao5kEAWrUtuz6x0s1Y4Ar3-k45CwXtP4edAzDTfP6pW5lgen4SD1XY58rU9WUqyT1XTg,challenger,879,909,30
2026-06-25T21:15:35,0anpe51rK3PkEm6TcvGJkDB18rLZu6h0QTL6eBQZqy77ISX7AQcw2z_AyEI0lrXsJZqC2fsVGU3JLQ,challenger,935,905,-30
2026-06-25T21:15:35,qkkfkDa7XWm4ct7nq9-0j2HSuBsyXjxZMRjMpK5Pg_HgIDzShLhz5vkF8mpKQwyLLgxld03AIdlgig,master,400,435,35
2026-06-25T21:15:35,e9UHHSp4auAjxhHwJt3F19_TGv-nyOsO48Jo0-8UJW7PWVHRcjbvrzRRDsyGG3NZSv9PDy2-0tI1Vg,master,268,301,33
2026-06-25T21:15:35,QYOSE3ihzWgds1vcCx8clk4QrCL2QpChOWjaDPf3ceKC6tFC-QRaC53YbroPda7tzTkG1sGU_EihHw,master,308,279,-29
2026-06-25T21:15:35,UsQbcR8PrxpwnJQo8xbJrViYoibEuTx5qYK8wDaMRg-CRk7cVJZfD9ZkcKLFRJnYDnIdbH4qtgrvGQ,master,243,274,31
2026-06-25T21:15:35,5Wne5yuioDcMW9CU9zv6C6w8tlzT_grHDFjtV3K00sz69JgoJCbKzBhV9FN3QjY-SxhSvuSeALbkjg,master,218,251,33
2026-06-25T21:15:35,s_hjVYv7bVg7fCLojy61YXjQjU2mRR3AMi8NkaMZHvOqRKhyBuS7W52DLA9eCcMXGnWPSqZd8XQx7Q,master,183,214,31
2026-06-25T21:15:35,35Tageyae8SzeqwcLxLcyxu489q1f9u-Wzdjh--41PGJ0En31RDrEupzfeJSZG1pyX0yAHSMUscLfg,master,210,181,-29
2026-06-25T21:15:35,yvZ6W4p4Eip7s-q2tUjtZGj9BDN7vJRFHGbdyrMvVDFv1hCGZ10dXG5blyoIbTkHYgSR9JSgz67_cA,master,188,160,-28
2026-06-25T21:15:35,5VTmGfniWp07h5FQOTDrH6OncJYx-pfR9XzqVcHD766WuBlTmpc31PxFkbUcAyCFazEoRG-cgIrujQ,master,160,131,-29
2026-06-25T21:15:35,ci-CyVdzh5bb3ywp4ebKqBhBsbjFFcqrMO1ps_92ql4g_P3eBpI0gvPllP3jHEsxqJSEKycuCblfuQ,master,90,120,30
2026-06-25T21:15:35,iQ_NDJUeIpVLZwvYnaYBOARpZdy1RpsV3rHrT28oKP6aqnh6pnAsX9bY8TRkQH-htbzBdXbB0m4fOA,master,124,97,-27
2026-06-25T21:15:35,rS926T8Ac8b8Gmxn-fdJbEvhWe8_oRra5RhJ-8Ao9ZXqiW8UTkR9_tQfo_10CPq722lS219qHZnqFA,master,16,50,34
2026-06-25T21:15:35,D9oIMlCNvbmnbrElAXPO2gIWpFI-tn4VjM1zJvyrxS04x_ZG2lz9zyHtOz8FZvfxYeWhdJ3oFydgvw,master,67,37,-30
2026-06-25T21:15:35,qm44SfCFwByUHBVrte6vvNvvsYF59X0QUdo3g4riotfhRcjB46AtqUDYdK_HthI4HbQoozj_OQ0ObQ,master,0,32,32
2026-06-25T21:15:35,p8m0KBZTmr3LhD4RT5hOpP9KX7mbDmr0L_L1quRJ1RrfSsHARHPsltz3xjt9l8yhfv4DrdtZ1PGZfQ,master,0,29,29
2026-06-25T21:15:35,2r4dOyF2iJzH4Im-LAEPvygUWA6Pqa53u_Hkttt7fd716QfAiCuR3SVaA5dNoED_BSn14xeTgx3n5A,master,0,28,28
2026-06-25T21:15:35,uZSthexXL4qu2xJwa0CatDcKbDtbtvNe-JBjKvnEE6Rnv3PVuV_Kv3MDSuA_E3DERfQAyTa2fuLn9Q,master,26,0,-26
2026-06-25T21:20:43,jtamevkTj3wckn3vkC0NYJsUeqNlWI2OA2geSjdwY1y6Q3DPwfNfe7xOjgPWXDOfsilFZjQpcweyzw,gm,809,840,31
2026-06-25T21:20:43,5wIa5Z32YQP_w7ixPIvftY_17pMxKeQpf27JF-opaRGRNjgm1BZ0uAFLsXiiommVoYMkjP89HBVwCg,gm,740,710,-30
2026-06-25T21:20:43,vX4vgVGQvFGzCA9JOQ-g0gfJ6QrNxvqRUuqu_UwMHBqcm8GVz2XdlCC5ePz-PMx1IzUdeWGkI_Ftvg,gm,660,693,33
2026-06-25T21:20:43,ZcceOv1k4i23gDK-D_mS5CDs55WZGgSMGqtyxlHwulowsuHvSyCuJ2F_NgbZDzkqIIW1StibYZcT4g,gm,465,497,32
2026-06-25T21:20:43,QGVw0Y0n4dbcBcgwbxa_7RQLj43Qo80Jq-ZTtvyEfhlfsgkDaW_6Ha3dnh_nRpL6mD8vWvCttg1Yfw,gm,491,463,-28
2026-06-25T21:20:43,pitl9jOmII7E5ubsPtB6tgQMV4nYQwnaWQcPbIeTyIeRdbT7fdhAxIre4zR2unC93WAkM97qoxXHoQ,gm,409,444,35
2026-06-25T21:20:43,AwoQRv0bgGQdgyHZ0g3sQoNwFa-CI9h5CIdCsdXy6gLX_QbLgVjCPOqMylp7gpBCd8yX1xk2dGGkCg,gm,254,224,-30
2026-06-25T21:25:34,BbZMovq_iMUGS6cEnlZxrSABz6tTKhS116kkOirzJkNxd0rzkL-x4CiILsyZg3_-LOx3yhrLyRfKAA,gm,696,666,-30
2026-06-25T21:25:34,zICRcNVQXP-cXpHfzgVnHRN53tcr09Vkt5Nys2n_SuNaED0rBPsQzuq1cUbiXKFFrNHPT4IbxSfC_g,gm,626,596,-30
2026-06-25T21:25:34,i3g7sk00TtRhaZqmyI-x2YhDZ_zOt9JKJFGqSajUkC5mfhCLNOpX4T_aqNr9_UUzKc_loh9o7LR4Pg,gm,317,288,-29
2026-06-25T21:30:40,LHHgQm9sUv3p5Mn2Hgk4-3ZRju--Cg_WFRwGyayxt-ILrxc50VW1LybuWYQ5o-y_jrSgs5a6vGTDPA,master,347,381,34
2026-06-25T21:30:40,-4HxNo4kTynRsDLZV_KqfHdjlmSE_itfK0S3zC5MwXqflVbL6ETWtJCyX8Jx4MT8Th5xHvJC4DDEVA,master,310,345,35
2026-06-25T21:30:40,PqUktomoG3kcs9qTsKVa54zen1BEWIEYPCHURl6CQ8RWavE0tnrZeeqpLDXZG1Az3ws79wE1NSnhEg,master,241,272,31
2026-06-25T21:30:40,L_CszL_Juq2XYhPjHjb7VGyOeYqYjae9W0cTd_N48-fYU5A5l4faxAhEgF7CpF4CCHtjVAA0wVr2Sg,master,239,209,-30
2026-06-25T21:30:40,jFW6BKAgumZuMUiKxJ17ogFXh7kFbo1rdfUjecH_l4wTxnGCwv4VL-82xi5u6R1zcXuQaqn9GTjy8g,master,81,112,31
2026-06-25T21:30:40,crlp0NT5FsNkpGR6y0ChquZKirph7gMTVvjB_XiQ9ejazEDra3WTCOZu2geSFTPlCn2xLFneGZP4bA,master,35,70,35
2026-06-25T21:30:40,CWhPUsxCsm06MA-h8l4cOiYlSAvYZjPYfR2HiHHx5_E9rV6nGDNNjDw-9DhbVSitLvEl08_kalVZJw,master,31,61,30
2026-06-25T21:30:40,A4WIC3zjhoCT3P3jnH9FVRux_sun0JBN0BxDAUvqhvi2VTyjzDjFxZhu2j0QszmqJ7CqLioYKZbbzw,master,3,34,31
2026-06-25T21:30:40,tUNCo1tBMu6Ocj8mhSNZAtHtg6RXLmCj3Otnf3_5mxHTM3M14YaDFyrrtMfvis3xkpAGDcpl_H4Uww,master,31,2,-29
2026-06-25T21:30:40,mAmNuoPcKrcAi4G_5qSl4qD8qs61CmByuj3mDEqPhC5mHlOAC3y4o_Mesyg1ZfQoNhLZA_wyioF5CA,master,8,0,-8
2026-06-25T21:35:35,9BZiwljKPA33mp4YS-IR-FA3kMFVrsjMwaFZvatjLIteUKwnXAr35rYzEUCqlDSizeGmipCsYpxTtA,challenger,1622,1653,31
2026-06-25T21:35:35,QBaCNNzLMgMKyb5fggUJznXOew3ycHYJtLio5ks515f9v8BPvCKSb8M5Dn7UXzbPinGNW8m3AGHQ4g,challenger,1449,1479,30
2026-06-25T21:35:35,a3pvDj5X9cGMJKf0MV-U69X-UVDygdIH6g1pJAU6KCuH-JJnTizVFnt2hfwOZ118DIiiXV0tnPX5sg,challenger,1313,1347,34
2026-06-25T21:35:35,dMFNRRHFl7wW1YcFynLQ7FIWSCdyqPN_xUo6lmXtclMalx6yKtmIrEL6dvpODRobhYrRjIFhHqdY6A,challenger,990,1024,34
2026-06-25T21:35:35,qI32l3r4sV0Lx75RmJFw0Xu-3W0FBIyNuyLyBmTKbWdf2I0f5_t2-M9yOgbE1lzjIPSkANeTYejWNw,gm,741,710,-31
2026-06-25T21:35:35,7p0apvdSUPlbcumGa59aM6c_JPbJKMFVhi7Dksf6IMSmstvZGLnElmY8QuNAPHaLOleJEWs692wU9w,gm,578,548,-30
2026-06-25T21:35:35,Zq0L-xWv59FCsDaLDh5THsNDKlL9uquQ32P8YmzfkICwhdgjbeLN0clqpInWQVToJ6PfroeXq34h6A,gm,401,433,32
2026-06-25T21:40:40,wo6Tr5gUKkqQ07ne2PawHlAaae73k5rx7GQ4RyGCvcW4Y-srSPNpr2xLwoM1LgI7ws-LmujWTuuA8g,gm,900,869,-31
2026-06-25T21:40:40,OlLQu_1KuZUFGI2BRG6fLYRpYYVHL1xuXBR1An2lDjvBhYih7kg9JvIMyQxR61-Dz6igObEzl8vAEg,gm,661,631,-30
2026-06-25T21:40:40,oaUu8Tqpos8f76vvXYbGYnIYjpd63UGvroILyUfFIzHbbP0ncTxu1zjJE2q4G-4npoR4b906IlmQWw,gm,630,601,-29
2026-06-25T21:40:40,IbceSf0qU8F0AHhYOHbEmgy2RjO0dCUeB0Mt7TWUgeKZ6ntw7CRaEN-hoEd0zexjIP7d4VtIhhzkBA,gm,514,546,32
2026-06-25T21:40:40,XudqQ4VzMhd_QKLSmLvR9nIWc-SgGuxo2fRd5r57htNdLUfUfKMNvoAZ0VSnAr8-DKcoF84H8UDyaQ,gm,521,490,-31
2026-06-25T21:40:40,QGVw0Y0n4dbcBcgwbxa_7RQLj43Qo80Jq-ZTtvyEfhlfsgkDaW_6Ha3dnh_nRpL6mD8vWvCttg1Yfw,gm,463,435,-28
2026-06-25T21:40:40,qkkfkDa7XWm4ct7nq9-0j2HSuBsyXjxZMRjMpK5Pg_HgIDzShLhz5vkF8mpKQwyLLgxld03AIdlgig,master,435,410,-25
2026-06-25T21:40:40,e9UHHSp4auAjxhHwJt3F19_TGv-nyOsO48Jo0-8UJW7PWVHRcjbvrzRRDsyGG3NZSv9PDy2-0tI1Vg,master,301,274,-27
2026-06-25T21:40:40,35Tageyae8SzeqwcLxLcyxu489q1f9u-Wzdjh--41PGJ0En31RDrEupzfeJSZG1pyX0yAHSMUscLfg,master,181,243,62
2026-06-25T21:40:40,6GMrgwiGS59r_V_J-LUrdjirRm7ab-1pbkV0xaygAq-cZa6HzgvvEDXdjD256Szi-keASS5i_OT4Kw,master,199,230,31
2026-06-25T21:40:40,Dj8YA-z71kH-ugNh5XxBzd-znAMCqExo3HuflbbhARXxHQ5KTttM_mMPVnQQnq4lhxwGG1FsTkhNrg,master,247,220,-27
2026-06-25T21:40:40,f8J4nPoMaozaDI0MMiXJxWcCVShfL-eJfeojXjnoR5IQ8VQOsHEXKXdv0NEX6lDhKbErhK7EuDHPdg,master,231,201,-30
2026-06-25T21:40:40,6S6MWzAZeARlb3bvvVAD_THXUqDn84O6zzGbhxlM-ypahgeWVGw8fgS-NcsxW__R1iJAWn8JG0TLtQ,master,220,189,-31
2026-06-25T21:40:40,wFRV5lHnH5Qrv4-cG8stsFFU_hOSlDmbk6SYJQHsO57RHs0GMTBrR3ZPBds39Ejc9zSmEuQfFCUyXg,master,198,172,-26
2026-06-25T21:40:40,3P_j96-3x-zmlw6OI1o4MyXMLvq1W5vvakxbM8lKf-GaN4bL49TkFeDHE6Z7yl3ohxYMDxbB2lRdnA,master,129,159,30
2026-06-25T21:40:40,-9w5DQ7BtlPR0BaAbCa1FpBwcHuzw_eI89qWJqUrbg2sXZ_FIDI-YYY3O5W-MgZcj1NOjAGdW_V2xQ,master,175,144,-31
2026-06-25T21:40:40,I3z76FGrYHr6yHvrvOauY_JeyJwSVCa6Qgt3MmAeI0D1fwYO0UPJv9yE7CNh1pqRkXDug960cL9_kA,master,60,95,35
2026-06-25T21:40:40,ci-CyVdzh5bb3ywp4ebKqBhBsbjFFcqrMO1ps_92ql4g_P3eBpI0gvPllP3jHEsxqJSEKycuCblfuQ,master,120,90,-30
2026-06-25T21:40:40,Fa44HwhfQTIIdCRgggrsInxv0iN30N7-mk1Uay779tkgPtEtPDNJaw5RKRwJkhn-X29JiAeuj2oiag,master,93,63,-30
2026-06-25T21:40:40,wEW0MbTenZVEA6DeBu7wS7rQskTa5YpfeHrzpBH65WrSmESmVcdT_oOGfgpF9Io_uWEKBnxotw-auA,master,46,20,-26
2026-06-25T21:40:40,D1CrwO2izde6KztT-8QrWjG_bUZcRDZ3SsrkT9Su3BJHIApac6T6EDqH-8LtwdqR65nVwFj1aklaXw,master,37,7,-30
2026-06-25T21:40:40,D9oIMlCNvbmnbrElAXPO2gIWpFI-tn4VjM1zJvyrxS04x_ZG2lz9zyHtOz8FZvfxYeWhdJ3oFydgvw,master,37,7,-30
2026-06-25T21:40:40,f4BoTd1_w-syLEFST5edU06Zu-tsj4yEN0V2rXt3TEpKVKcUuL5RrfI42hEDeSLPPHRFlFyavduc1Q,master,32,1,-31
2026-06-25T21:40:40,ZMD-ylfQI3pywWds4c2UFqXGlFdjgQbnjeeqtmDb0FW3GiL-hjTI6lfng9G_pJGPxt8uPPq81BtXew,master,18,0,-18
2026-06-25T21:45:39,lGA5PeF2QhW_9XTzDZ8BTvV2sKpCQAou-8Gtyp52Bdz6fm1FWjQClSGzCwRzc0nMih-xcihGrO44AA,challenger,1698,1667,-31
2026-06-25T21:45:39,1ET9ua_Ki_0O-U8xXL7muZmMOeAMBmxLk4FcF8ok3O1s2KqllD2l4h54Nszl0SFxiJpXX4deGl-PYw,challenger,1146,1176,30
2026-06-25T21:45:39,-ok6p1KmxnosWbByF5z9MiQe4vuqg5Zst6cIedD9CyLESkb05OLVxdBXCabk9tZ8vIerbeE2UeZtVw,challenger,917,948,31
2026-06-25T21:45:39,0anpe51rK3PkEm6TcvGJkDB18rLZu6h0QTL6eBQZqy77ISX7AQcw2z_AyEI0lrXsJZqC2fsVGU3JLQ,challenger,905,936,31
2026-06-25T21:45:39,r1hAmxEiKyZVTfQEjGM1LYeHmqpLYxB__jplhkubGLIqurGHtCohxZYEj72_rHiR_S_Ys6DW2C5j_g,gm,779,811,32
2026-06-25T21:45:39,LZV-AWCc7lWv65rLEenGkY6S8c1_uaZSK-ixn982TDVJ0-krXP9xU-HmaFTPjz0M18myPVKHtiOj_g,gm,715,686,-29
2026-06-25T21:45:39,IXWNZVPGDipiiJa8upVsT-AQ4x-rgocmHRDZ4-01afrw8FWrekqAc1XGVvlAey7BNE0GMSvSJ7FyfQ,gm,533,564,31
2026-06-25T21:45:39,M8XTJONOvXEIM7lLWr0vd3Q6i2suHm5YaPzE5dJ0TAVXns74pw-8OuMMIyjdZcEF0xbkc3YLBtBe6Q,gm,450,420,-30
2026-06-25T21:45:39,QYOSE3ihzWgds1vcCx8clk4QrCL2QpChOWjaDPf3ceKC6tFC-QRaC53YbroPda7tzTkG1sGU_EihHw,master,279,250,-29
2026-06-25T21:45:39,kY2hCv7TbA-mQfZpenPE8lf5PWln4yf8K5tx_lEooXIFklgL3FqlmruI1Kv9YYr9REeEhMzQ9PufDw,master,268,236,-32
2026-06-25T21:45:39,M1nWMDeuwYnPMN6XKPaY9fbWztdAsbTFRqfechY6Y1JZBJbnkqrN0pBKeFgEEZKkpeMVdXtMgRnTow,master,194,225,31
2026-06-25T21:45:39,_5uIUwqlmaFYf1z7rzudFj9Kepq-ogS7Wy8foaqUTmnKTgjJVk_qczt5tgA1AhX58C0iBCpzyOBsAA,master,177,205,28
2026-06-25T21:45:39,h83WbdLpbLOAA9rYhr1ojTpqW2CQOfTXhS8AAvvPeSZGG1xNYbzUjf_Uxobwk8m41p75NSXaqRe41w,master,48,83,35
2026-06-25T21:45:39,2tbev7dnZWR6dX5PKIpn8htpW46ALt6AGns2TX-U78tKbFXVFNZZmi2IoiI3z_ngxGUA2c22uuwUOA,master,0,33,33
2026-06-25T21:45:39,lbq3Jc3ayyV3-w-nvNNjXEPWooP_my9T1ccwGL_cTN6tFLzQRRhQdq2hLKBB5mX-iOxfeS0MtidS7A,master,40,10,-30
2026-06-25T21:50:37,ybMbgfPFsW-qdJ3fcoSmgJwo0vwBWeW41xpNQqkyYlszBLazUSv31ut6a2ckfJ-tb0S9mkM0-vUnVA,gm,755,725,-30
2026-06-25T21:50:37,oY0O3Mp7qRmrqedrmorxsPruK5klJbwOHbsZ_bP7kLE6XTeDg6XARxVhd5Kcfoks36vileQ7wKGSlA,gm,634,665,31
2026-06-25T21:50:37,CMC8tBQZO90Qhe0DgCteYDZol_ldT4qn5A7kyLUt2igMxKS1iqiAieWK2_7oS6fLxPc9x-OtBcL1hg,gm,436,407,-29
2026-06-25T21:50:37,24b4PxyIxIiipafKwqN5FsK4LlZX5Ng-HuOVeE75xOrItnSBRhBQLlVeMsOkdWUZkvcjoeV2HODBWA,gm,435,407,-28
2026-06-25T21:50:37,7tvsQfSywLbUGacZ1_Y98wqJxfYBKCrbvtJMrvnioyIIReIJl1goDTecjOFCDJEVxat2iRy8zH8-Qg,gm,373,405,32
2026-06-25T21:50:37,6_5xdD6UuJNzLaBIu6JCKRI67DKVxuG2StOcyeDISE3OzrKl5KyzoCLs_acoqU3Kxl2B0-UEsZRrGg,gm,399,371,-28
2026-06-25T21:50:37,tMbVO8BXxtPVrPU_-pzq2Xe39DGpsUL1lExpolFLHFWFyXeQ7d3t1-kRKpP3nUXXbPyIXU-qgBkcjw,gm,308,276,-32
2026-06-25T21:55:31,44DgnPYKFSleTx2rXK4NTLh46xnNwMsq7MG_ndFst1mLlekwLncZ93MDxL4yIHW4Elsf9ZMDVmqrEg,challenger,913,942,29
2026-06-25T21:55:31,JBfCugtAKvedliKp1kQrHUMKBeOVeu1wBbomlFPmg43U_IVgokaJvROWvOeKAzhNIA5lFgoQcIJc1A,master,85,116,31
2026-06-25T21:55:31,pfnb594i_ORe3izfH805IGyKjYYBsXM0NpI_r8iETvcncD_hroTcx2VsaCb5p53t1B-J8EmUngIx0Q,master,146,115,-31
2026-06-25T21:55:31,rS926T8Ac8b8Gmxn-fdJbEvhWe8_oRra5RhJ-8Ao9ZXqiW8UTkR9_tQfo_10CPq722lS219qHZnqFA,master,50,84,34
2026-06-25T21:55:31,gNJCj2SjnbOw5itbZZEiANDDhrXnPaNC4tGYrR9GCnDpg_qnA6kZHWfi-Z4X_DfIHljH7dpUkLJ5KA,master,113,82,-31
2026-06-25T21:55:31,GFjZ3-HKe94j753miWl-r7QhQmDk0n72BBUkE5ryartRnuGWFN1HvPvM1QXT7SdwhbmnB6jL8-qaxA,master,64,34,-30
2026-06-25T21:55:31,ttT67UWoVtpzVBT-zaWeYmVNL0OsYELZUtaAhhHBifHisxnkyAQyaCTdZOR5KI3J63r4w6MLl38gXA,master,27,0,-27
2026-06-25T22:00:43,ymehB4TSr3Wvbl5lJOZtP9yYRgqDcIcRECuMmE20EBej1LqmMzsTFYtNW97Gp4Y9g04zG0jFrbK4Eg,gm,364,394,30
2026-06-25T22:00:43,4KvRYPjPfBu9yl8GhGhMHQPWHy_Z9Xw71msA8MdTNfclBxHisw1wNO56E1Z7DgbRSNjHVBmHT190KA,master,235,267,32
2026-06-25T22:00:43,ctdyceK9bacoQWLF2gL4EBONeLI_L_lw2vUOIPgzACC5DrioljlFliQ-zLS-uvbIZ8fWoQMvEOwUYw,master,258,228,-30
2026-06-25T22:00:43,wFRV5lHnH5Qrv4-cG8stsFFU_hOSlDmbk6SYJQHsO57RHs0GMTBrR3ZPBds39Ejc9zSmEuQfFCUyXg,master,172,146,-26
2026-06-25T22:00:43,hFa-hsu7K4vqZZPRm226Qbb9vNlsiXO0pUv5iCaklbyUFZMh07_b1qxtyTnZZbJeuokZIkwIgbIIZg,master,38,68,30
2026-06-25T22:00:43,p8m0KBZTmr3LhD4RT5hOpP9KX7mbDmr0L_L1quRJ1RrfSsHARHPsltz3xjt9l8yhfv4DrdtZ1PGZfQ,master,29,58,29
2026-06-25T22:05:38,UzLL8KYmavtYNQjAqHfnA7PzPbNgBR-68KXTAU9tN60m2J5r1KFd4dqcy3CswHvElkk1Cj8th7yzvw,challenger,1927,1952,25
2026-06-25T22:05:38,9BZiwljKPA33mp4YS-IR-FA3kMFVrsjMwaFZvatjLIteUKwnXAr35rYzEUCqlDSizeGmipCsYpxTtA,challenger,1653,1623,-30
2026-06-25T22:05:38,OWbNKFpZN7LBctbSsLycN5HbgDQs3qIdXh5lZf_n-frCQhnFZ12U4tZ656Asg4mDInKOPgcktdITYA,challenger,1497,1529,32
2026-06-25T22:05:38,a3pvDj5X9cGMJKf0MV-U69X-UVDygdIH6g1pJAU6KCuH-JJnTizVFnt2hfwOZ118DIiiXV0tnPX5sg,challenger,1347,1321,-26
2026-06-25T22:05:38,4IgHpzMyGiADyXgM9TXHSyI3WwejVpD0Y7o7pHTsN_qEOhSEPwa9U6Riy3aWaoFHYPHr8E-JTwt7Dw,challenger,1206,1238,32
2026-06-25T22:05:38,dMFNRRHFl7wW1YcFynLQ7FIWSCdyqPN_xUo6lmXtclMalx6yKtmIrEL6dvpODRobhYrRjIFhHqdY6A,challenger,1024,998,-26
2026-06-25T22:05:38,wo6Tr5gUKkqQ07ne2PawHlAaae73k5rx7GQ4RyGCvcW4Y-srSPNpr2xLwoM1LgI7ws-LmujWTuuA8g,gm,869,838,-31
2026-06-25T22:05:38,ef4-5j4tUb8pn2ps9svT-EEwP4QIfZkiU9kMaOIUypHHzsnjr-MzBNwl9prg66zAOzKM2ToCAdPpfg,gm,683,712,29
2026-06-25T22:05:38,62cCqQb_bmeSdkgzOc6jJ77zQIfeP1MWfxTWDau-KR6XAL2Ejc_RVmRH6_h3bMnXPaDtTz-qjdnMOQ,gm,610,640,30
2026-06-25T22:05:38,zICRcNVQXP-cXpHfzgVnHRN53tcr09Vkt5Nys2n_SuNaED0rBPsQzuq1cUbiXKFFrNHPT4IbxSfC_g,gm,596,566,-30
2026-06-25T22:05:38,R4EeOZq4kiFvQivE6PpyOLVBTZBKu2vMKY8awPjNZ37d1hqk_6k4Gac3dSRLhJyUv82SNAhIC-vzqA,gm,498,529,31
2026-06-25T22:05:38,IbceSf0qU8F0AHhYOHbEmgy2RjO0dCUeB0Mt7TWUgeKZ6ntw7CRaEN-hoEd0zexjIP7d4VtIhhzkBA,gm,546,517,-29
2026-06-25T22:05:38,jgfgmz21_h8Ktoep5b5-LZ5MLiCLfBuJfMR4mfNqvITllcMnCQAsvRivXaiEKhz4kBlZQt4hJTkrrw,gm,469,501,32
2026-06-25T22:05:38,M8XTJONOvXEIM7lLWr0vd3Q6i2suHm5YaPzE5dJ0TAVXns74pw-8OuMMIyjdZcEF0xbkc3YLBtBe6Q,gm,420,450,30
2026-06-25T22:05:38,1Gksfam4cbeQCIo1bpGF4sRqV28zE3XpNZQ0wGSfNbTbOent9IYtjd8ieFZrpW3WrjIIoT7HmkSg_g,gm,379,411,32
2026-06-25T22:05:38,-4HxNo4kTynRsDLZV_KqfHdjlmSE_itfK0S3zC5MwXqflVbL6ETWtJCyX8Jx4MT8Th5xHvJC4DDEVA,master,345,319,-26
2026-06-25T22:05:38,f8J4nPoMaozaDI0MMiXJxWcCVShfL-eJfeojXjnoR5IQ8VQOsHEXKXdv0NEX6lDhKbErhK7EuDHPdg,master,201,231,30
2026-06-25T22:05:38,zNaOAzAnSXaPFQppMSEz4C44D2giQlPV9HpA62GVfgDJHfaxx247aW53NZNFnENUuMn-udRX4E13cw,master,196,227,31
2026-06-25T22:05:38,Bf3mAp2l7Gq6HmbryME88139ExFTvnTcdf3cEBJP27G3S-OUCQsdAnU_DfLuRrAaRdG2bRLP8fJd2Q,master,225,200,-25
2026-06-25T22:05:38,jFW6BKAgumZuMUiKxJ17ogFXh7kFbo1rdfUjecH_l4wTxnGCwv4VL-82xi5u6R1zcXuQaqn9GTjy8g,master,112,83,-29
2026-06-25T22:05:38,gnhthU51e8-_dXJI6KA7NHbCsD33UJLefGBVpQJH1LBTn6yoJbyEzqDAsvnAej29mW5jG9Zbq85FRA,master,40,75,35
2026-06-25T22:05:38,Py0fV147-7zQDiHkCziCLxJ-H5kTLWN_bQ3w-EhrdJSEt20M4NSFClZfCJ3AEKiVBT_SL_JeY6M54w,master,87,56,-31
2026-06-25T22:05:38,j9hgd4mH_JDvKwpBT0W39zVmB0l1bwE15eSDxCQUxpvbripoDoNanyMtwCeA0piq9AaCCEKQZWsVXQ,master,1,0,-1
2026-06-25T22:05:38,2l0hoogQdFtuMNavK_2GjPZvfvueHDqm_Wl4xDk4PS5p1UXcBaFg9K-fHYS_HisBpsrhPC3xj2zplg,master,17,0,-17
2026-06-25T22:10:41,5f6zDz94m2KXFl171t_NJSIIv6myuT_91vzV6eWATbrr6mGbESqSlI7wgjp-8vVn09lPdX4hoLf3yQ,gm,813,843,30
2026-06-25T22:10:41,msb7_T1bdpMjoqJBGgV4G7yT8fZAc5qTQl_Sj_j85avmvin7fvj9PzQRF3sde-Q9OBkVNi3xa_Axuw,gm,650,620,-30
2026-06-25T22:10:41,IXWNZVPGDipiiJa8upVsT-AQ4x-rgocmHRDZ4-01afrw8FWrekqAc1XGVvlAey7BNE0GMSvSJ7FyfQ,gm,564,535,-29
2026-06-25T22:10:41,XudqQ4VzMhd_QKLSmLvR9nIWc-SgGuxo2fRd5r57htNdLUfUfKMNvoAZ0VSnAr8-DKcoF84H8UDyaQ,gm,490,519,29
2026-06-25T22:10:41,iOO17u41E3h8sKXNqXdUNisfjuEsmdskp-Bbbg3Q2S9HLpT4-D7nQ5HURBFBaynZycQrCTxePxaKMA,gm,530,500,-30
2026-06-25T22:10:41,RKQMj6WtxUHpau7IFGY2_PAkdRI8tLekUkZMggIGbUDgVOOeT5GK_Lgoj1ZYhSn-YESJFyPT4d1JEg,gm,436,469,33
2026-06-25T22:10:41,zX19I71Ay6E4hIAImE-lNNrI4WG8EpC_F3Vfr944Qu0obPaIDs0T8LyNgluUvYcCZxkQWCi8EmLZ6A,gm,370,340,-30
2026-06-25T22:10:41,LHHgQm9sUv3p5Mn2Hgk4-3ZRju--Cg_WFRwGyayxt-ILrxc50VW1LybuWYQ5o-y_jrSgs5a6vGTDPA,master,381,355,-26
2026-06-25T22:10:41,RXd1P8ZQCzbPRm_-E3tdP5Z1UoayIyhWlpDNmUl1BrdMNh4AzOLIGIxnNV0Buxj35S4M7pxe2NmdsQ,master,273,246,-27
2026-06-25T22:10:41,35Tageyae8SzeqwcLxLcyxu489q1f9u-Wzdjh--41PGJ0En31RDrEupzfeJSZG1pyX0yAHSMUscLfg,master,243,214,-29
2026-06-25T22:10:41,qQaee0NkA53YMCu9J7TAnQ9EIoEqHdKmoKPa6DF_x1sNAwsn_FKdBtpiEICb2PxUVCblw03nIFa4tA,master,103,134,31
2026-06-25T22:10:41,yvZ6W4p4Eip7s-q2tUjtZGj9BDN7vJRFHGbdyrMvVDFv1hCGZ10dXG5blyoIbTkHYgSR9JSgz67_cA,master,160,131,-29
2026-06-25T22:10:41,wEW0MbTenZVEA6DeBu7wS7rQskTa5YpfeHrzpBH65WrSmESmVcdT_oOGfgpF9Io_uWEKBnxotw-auA,master,20,55,35
2026-06-25T22:10:41,ehfj7A_y2aurFrg_XLFfxSpsjPmsac6xtzI-Hk0Pw5xUHeSO8dm-k_c3lNAQlFRUXkVBWKcCwrYpmA,master,8,42,34
2026-06-25T22:15:46,MPIfgN4j-325oFK5FbtAExWZw7jtgq-YJ_glCkfSTbF2rvPSe4exFHdmp2-kuZSiBNKfgRytLKcpPA,challenger,1112,1082,-30
2026-06-25T22:15:46,6RvfrLwZR_D69rPoT3FAVlnSrgj7UN9wxC6KnGHUQ_8IejsOk1TiP_zSOIQ8EgRhgMz2zsvn6uiH3A,challenger,927,957,30
2026-06-25T22:15:46,jtamevkTj3wckn3vkC0NYJsUeqNlWI2OA2geSjdwY1y6Q3DPwfNfe7xOjgPWXDOfsilFZjQpcweyzw,gm,840,871,31
2026-06-25T22:15:46,PcRL6xXyDBtKh7r_oRPLr5SbDrRtBop8yskIiQo7p42q_77gejnTXl9xj69NQYRnm_8GdT_bvvgdlg,gm,647,622,-25
2026-06-25T22:15:46,ZcceOv1k4i23gDK-D_mS5CDs55WZGgSMGqtyxlHwulowsuHvSyCuJ2F_NgbZDzkqIIW1StibYZcT4g,gm,497,529,32
2026-06-25T22:15:46,_bcwsWQu1EBvjEItSmSuOLGpi6TEP0IS_7dX5VxqZU5B88JnB3BxhNbKItkOw8kMaRVtNL2fJrWqYQ,gm,321,356,35
2026-06-25T22:15:46,1YbyO4HweI3g0wdd4zT-2zLAwN27S8ilfVswxWs3PVKbetWecQpQ4iNivSCu3j0VE0HWwEY1-yMKsA,master,212,244,32
2026-06-25T22:15:46,i009_3j1f7qUiLhiO5KjFyJR4rozDzvGcl_9_mnSmqIQrHwFfOLy9B27WUENwpdk4T9XH0NVXFIBlA,master,124,158,34
2026-06-25T22:15:46,4AcRenMbRJUK7y16ASlD6KulFpGOfD9Qi8qNWJA0KUUw9Sks4BGOuliHFj5F0lzXTJIaFKh4gI6pJg,master,130,105,-25
2026-06-25T22:15:46,E2jVHFWvDSaEiMmTf-05tUc2tXQXFKqGUWVO8DsIjqoJMXyQVjkj08BUkB5vJX3jAE0Z7UCAdghG9Q,master,50,25,-25
2026-06-25T22:15:46,xx6k2yiIFrotWOZrZJwRhjyAvvbneKiVpEGaHz7vfAZSMcRFyndIs-opRIlbYgLlM1K5h-oH4-E5IA,master,35,10,-25
2026-06-25T22:15:46,VyS9JJsZDVd7U0B0tQzopNpYMVLfFLaYUXRiBt1EDYyJrlYTW9uWJ7Pcteb975_WP4N6zKf_OEwO7g,master,1,0,-1
2026-06-25T22:20:38,USOcj0NWjyXOqpZWhRVk-v8phiiiuXlAgG-RV6gQtV9qyUUnS8jn7CsGwbI0sY5-Zr4iCPyr48vOXQ,challenger,1619,1650,31
2026-06-25T22:20:38,jCT6OFd4zzH_JsSye8c4RlyM4niLS3NKo-0GvasI3XC1d-XcP6yXQ_JKyDUvwyT4Zsbyv2InqUghsQ,challenger,1438,1410,-28
2026-06-25T22:20:38,q_aArBr3G6KpEXYCwsZxrQMZQeJQpa1plnTrO6v_BRma2lTDE2oP29fWQFBOWuqwetGTyXt_k6Jd0g,challenger,1062,1128,66
2026-06-25T22:20:38,Dj8YA-z71kH-ugNh5XxBzd-znAMCqExo3HuflbbhARXxHQ5KTttM_mMPVnQQnq4lhxwGG1FsTkhNrg,master,220,253,33
2026-06-25T22:20:38,3P_j96-3x-zmlw6OI1o4MyXMLvq1W5vvakxbM8lKf-GaN4bL49TkFeDHE6Z7yl3ohxYMDxbB2lRdnA,master,159,129,-30
2026-06-25T22:20:38,-9w5DQ7BtlPR0BaAbCa1FpBwcHuzw_eI89qWJqUrbg2sXZ_FIDI-YYY3O5W-MgZcj1NOjAGdW_V2xQ,master,144,113,-31
2026-06-25T22:20:38,ZMD-ylfQI3pywWds4c2UFqXGlFdjgQbnjeeqtmDb0FW3GiL-hjTI6lfng9G_pJGPxt8uPPq81BtXew,master,0,30,30
2026-06-25T22:25:34,g4yh3RVHx96HWOJp3R7gixAvCfPZdFQSrbU8MwTwMV6ceusGuVOb_lXfIN5IYzybKkhxRwGh-jWmhA,gm,483,514,31
2026-06-25T22:25:34,JoJMcT4zMB1WdCfjTEAzRev_IO59Ojm4wG8kMOrDq62heEbIJcGZtjcC0cYAGx1LQ3tNwK5XQzUHBQ,gm,455,488,33
2026-06-25T22:25:34,HTCpW6WNHO9uvCMdKoW0P2mC_87tFSwHzVe0KiHgcD45c-zBsObzqqZmvXHgiJNEkvYUYaGfRd-g5Q,master,152,123,-29
2026-06-25T22:25:34,Fa44HwhfQTIIdCRgggrsInxv0iN30N7-mk1Uay779tkgPtEtPDNJaw5RKRwJkhn-X29JiAeuj2oiag,master,63,32,-31
2026-06-25T22:25:34,CWhPUsxCsm06MA-h8l4cOiYlSAvYZjPYfR2HiHHx5_E9rV6nGDNNjDw-9DhbVSitLvEl08_kalVZJw,master,61,31,-30
2026-06-25T22:25:34,wI1TMTtFXMe_6yTz2EpQbDbBDO2guWJMq2sN2FdicwrSnP9ToimAc1JmjIIICICQvlDijf1rJDc0BA,master,1,31,30
2026-06-25T22:25:34,odp3a9zgPfDFeW_b0DUoovNagVn2D4r7O-zpmtHUbR9iFFePls3WWBUkPpIEp5XhhT6vBcqCTRiTVg,master,59,28,-31
2026-06-25T22:25:34,A4WIC3zjhoCT3P3jnH9FVRux_sun0JBN0BxDAUvqhvi2VTyjzDjFxZhu2j0QszmqJ7CqLioYKZbbzw,master,34,5,-29
2026-06-25T22:25:34,D1CrwO2izde6KztT-8QrWjG_bUZcRDZ3SsrkT9Su3BJHIApac6T6EDqH-8LtwdqR65nVwFj1aklaXw,master,7,0,-7
2026-06-25T22:30:45,ybMbgfPFsW-qdJ3fcoSmgJwo0vwBWeW41xpNQqkyYlszBLazUSv31ut6a2ckfJ-tb0S9mkM0-vUnVA,gm,725,756,31
2026-06-25T22:30:45,OlLQu_1KuZUFGI2BRG6fLYRpYYVHL1xuXBR1An2lDjvBhYih7kg9JvIMyQxR61-Dz6igObEzl8vAEg,gm,631,601,-30
2026-06-25T22:30:45,aY4Tb5g1oVl_mRDH1a3XOphnSorsF_THkqqtIue0vHrF5uZqQpSEeDgt6WWnyAyDrTqDQdXWnSxm4g,gm,547,518,-29
2026-06-25T22:30:45,6h4_Atc5vRt6e7rN9emLXiN2QgcTADfIy9Cp3j1g08_pyWU6NJ3VR-70n9BD03hwmDHLHxVCbRuj2A,gm,466,497,31
2026-06-25T22:30:45,CMC8tBQZO90Qhe0DgCteYDZol_ldT4qn5A7kyLUt2igMxKS1iqiAieWK2_7oS6fLxPc9x-OtBcL1hg,gm,407,438,31
2026-06-25T22:30:45,6_5xdD6UuJNzLaBIu6JCKRI67DKVxuG2StOcyeDISE3OzrKl5KyzoCLs_acoqU3Kxl2B0-UEsZRrGg,gm,371,403,32
2026-06-25T22:30:45,24b4PxyIxIiipafKwqN5FsK4LlZX5Ng-HuOVeE75xOrItnSBRhBQLlVeMsOkdWUZkvcjoeV2HODBWA,gm,407,379,-28
2026-06-25T22:30:45,tMbVO8BXxtPVrPU_-pzq2Xe39DGpsUL1lExpolFLHFWFyXeQ7d3t1-kRKpP3nUXXbPyIXU-qgBkcjw,gm,276,304,28
2026-06-25T22:30:45,i3g7sk00TtRhaZqmyI-x2YhDZ_zOt9JKJFGqSajUkC5mfhCLNOpX4T_aqNr9_UUzKc_loh9o7LR4Pg,gm,288,259,-29
2026-06-25T22:30:45,QRoZJLrR_3XqJCnJx_7qBjgGe4rty_AxRi02A9Mtf_8ZNR_xH2r2YQrZjY6v_L5kRBY_83IcM8CzGQ,master,191,251,60
2026-06-25T22:30:45,_5uIUwqlmaFYf1z7rzudFj9Kepq-ogS7Wy8foaqUTmnKTgjJVk_qczt5tgA1AhX58C0iBCpzyOBsAA,master,205,233,28
2026-06-25T22:30:45,QYOSE3ihzWgds1vcCx8clk4QrCL2QpChOWjaDPf3ceKC6tFC-QRaC53YbroPda7tzTkG1sGU_EihHw,master,250,221,-29
2026-06-25T22:30:45,M1nWMDeuwYnPMN6XKPaY9fbWztdAsbTFRqfechY6Y1JZBJbnkqrN0pBKeFgEEZKkpeMVdXtMgRnTow,master,225,196,-29
2026-06-25T22:30:45,J7jGFQVXepKNTU7hpCU5VGj2Q90pl0x4FX58YjqQP3yQF5cB0mDMNRucYwlTkkp4W-IEMqaAAvlF8Q,master,111,79,-32
2026-06-25T22:30:45,h83WbdLpbLOAA9rYhr1ojTpqW2CQOfTXhS8AAvvPeSZGG1xNYbzUjf_Uxobwk8m41p75NSXaqRe41w,master,83,58,-25
2026-06-25T22:30:45,ZlbdA7T46FjQbrISbyYh1o0JXio2FnEX-KiQHQeSwaEMED-IbcFsDiE1wY44fFENAyrVXS_7-ablcA,master,10,41,31
2026-06-25T22:30:45,Lq7uO1n23Y6u_y5ITL11BvO1_zWl4MjwqF4ZUJrx6zjH7aQB8t7_zK6BADSIotPsxw7X9moo2XMjOQ,master,0,28,28
2026-06-25T22:30:45,HzJz2_RaAb88LePo_uSsIRBsFD4NmZQIMXZhBXYuwGhylaWg83U8f3gjpA8WRKOC5A1AbiIpjluY3g,master,32,2,-30
